instance,family,repetition,solver_seed,threads,time_limit_seconds,lp_3,lp_2,lp_3_vi,cuts,max_cuts,separation_complete,disaggregated_absolute,disaggregated_percent,vi_absolute,vi_percent,gap_closed_percent
100_568_20_5_1c,c,1,0,1,300.0,9809.866813905242,9809.866813905242,9809.866813905242,0,100,True,0.0,0.0,0.0,0.0,
100_568_20_5_1dir,dir,1,0,1,300.0,9725.946753446542,9727.513391268709,9727.513391268709,42,100,True,1.56663782216674,0.01610781820917925,1.56663782216674,0.01610781820917925,100.0
100_568_20_5_2c,c,1,0,1,300.0,12899.348027118267,12899.348027118267,12899.348027118267,0,100,True,0.0,0.0,0.0,0.0,
100_568_20_5_2dir,dir,1,0,1,300.0,12787.79284019167,12844.72360135944,12844.72360135944,19,100,True,56.93076116776865,0.4451961482269003,56.93076116776865,0.4451961482269003,100.0
100_568_200_5_1c,c,1,0,1,300.0,115953.46137508293,115953.46137508293,115953.46137508293,0,100,True,0.0,0.0,0.0,0.0,
100_568_200_5_1dir,dir,1,0,1,300.0,114149.5764888166,114575.24731546835,114484.8308812226,100,100,False,425.6708266517526,0.37290618129753306,335.254392406001,0.29369744743542375,78.75907189671643
100_568_200_5_2c,c,1,0,1,300.0,121273.25050288963,121273.25050288954,121273.25050288963,0,100,True,0.0,0.0,0.0,0.0,
100_568_200_5_2dir,dir,1,0,1,300.0,119510.49375534225,120012.91258335051,120006.45706035635,100,100,False,502.4188280082599,0.4203972489953847,495.9633050140983,0.41499561204174856,98.71511125095506
100_574_20_5_1c,c,1,0,1,300.0,12916.763305920236,12916.763305920236,12916.763305920236,0,100,True,0.0,0.0,0.0,0.0,
100_574_20_5_1dir,dir,1,0,1,300.0,12862.786223851137,12862.786223851137,12862.786223851137,0,100,True,0.0,0.0,0.0,0.0,
100_574_200_5_1c,c,1,0,1,300.0,109804.82902652974,109804.82902652971,109804.82902652974,0,100,True,0.0,0.0,0.0,0.0,
100_574_200_5_1dir,dir,1,0,1,300.0,109804.82902652974,109804.82902652971,109804.82902652974,0,100,True,0.0,0.0,0.0,0.0,
