instance,family,repetition,solver_seed,threads,time_limit_seconds,lp_3,lp_3_vi,absolute_improvement,improvement_percent,cuts,max_cuts,separation_complete,convergence_reason
100_568_20_5_1c,c,1,0,1,,9809.866813905242,9809.866813905242,0.0,0.0,0,100,True,no_violated_cuts
100_568_20_5_1dir,dir,1,0,1,,9725.946753446542,9727.513391268709,1.56663782216674,0.01610781820917925,42,100,True,no_violated_cuts
100_568_20_5_2c,c,1,0,1,,12899.348027118267,12899.348027118267,0.0,0.0,0,100,True,no_violated_cuts
100_568_20_5_2dir,dir,1,0,1,,12787.79284019167,12844.72360135944,56.93076116776865,0.4451961482269003,19,100,True,no_violated_cuts
100_568_200_5_1c,c,1,0,1,,115953.46137508293,115953.46137508293,0.0,0.0,0,100,True,no_violated_cuts
100_568_200_5_1dir,dir,1,0,1,,114149.5764888166,114487.82195152123,338.2454627046245,0.2963177552724104,100,100,False,cut_limit
100_568_200_5_2c,c,1,0,1,,121273.25050288963,121273.25050288963,0.0,0.0,0,100,True,no_violated_cuts
100_568_200_5_2dir,dir,1,0,1,,119510.49375534225,120006.45706035635,495.9633050140983,0.41499561204174856,100,100,False,cut_limit
100_574_20_5_1c,c,1,0,1,,12916.763305920236,12916.763305920236,0.0,0.0,0,100,True,no_violated_cuts
100_574_20_5_1dir,dir,1,0,1,,12862.786223851137,12862.786223851137,0.0,0.0,0,100,True,no_violated_cuts
100_574_200_5_1c,c,1,0,1,,109804.82902652974,109804.82902652974,0.0,0.0,0,100,True,no_violated_cuts
100_574_200_5_1dir,dir,1,0,1,,109804.82902652974,109804.82902652974,0.0,0.0,0,100,True,no_violated_cuts
200_1162_50_10_1c,c,1,0,1,,23765.988336259867,23765.988336259867,0.0,0.0,0,100,True,no_violated_cuts
200_1162_50_10_1dir,dir,1,0,1,,23660.31569527031,23702.612395545893,42.296700275583134,0.17876642400015919,50,100,True,no_violated_cuts
200_1162_500_10_1c,c,1,0,1,,273763.7682337307,273763.7682337307,0.0,0.0,0,100,True,no_violated_cuts
200_1162_500_10_1dir,dir,1,0,1,,272704.0437533042,273129.20614360995,425.1623903057189,0.15590615542552524,100,100,False,cut_limit
200_1166_50_10_1c,c,1,0,1,,29425.4066439992,29425.4066439992,0.0,0.0,0,100,True,no_violated_cuts
200_1166_50_10_1dir,dir,1,0,1,,28952.36027409396,29006.15309557445,53.79282148048878,0.18579770689238628,98,100,True,no_violated_cuts
200_1166_500_10_1c,c,1,0,1,,286371.69489732536,286371.69489732536,0.0,0.0,0,100,True,no_violated_cuts
200_1166_500_10_1dir,dir,1,0,1,,281276.28337087,281542.629685663,266.34631479298696,0.09469206276513634,100,100,False,cut_limit
