instance,budget_factor,original_budget,budget,status_3,lp_3,fractional_x,fractional_z,violated_edges,max_subset_violation,inspection_objective,status_2,lp_2,status_3_VI,lp_3_VI,cuts,separation_complete,vi_improvement_percent,disaggregated_improvement_percent
100_568_200_5_1c,1.2,504,604,OPTIMAL,114149.5764888166,47,0,25,5.386000000000005,0.0,OPTIMAL,114680.12143018776,OPTIMAL,114608.36023561479,100,False,0.4019145413501694,0.4647804728589068
100_568_200_5_1c,1.5,504,756,OPTIMAL,114149.5764888166,65,0,39,4.875,0.0,OPTIMAL,114499.50556327256,OPTIMAL,114405.53170843628,100,False,0.22422791874725082,0.3065531079655279
100_568_200_5_2c,1.2,636,763,OPTIMAL,119510.49375534225,88,0,63,7.68,0.0,OPTIMAL,119948.16654657484,OPTIMAL,119784.60594061117,100,False,0.22936244061553104,0.3662212224882749
100_568_200_5_2c,1.5,636,954,OPTIMAL,119510.49375534225,91,0,67,8.595,0.0,OPTIMAL,119925.43040029812,OPTIMAL,119665.1284600514,100,False,0.12939006429487082,0.3471968292636435
100_568_20_5_1c,1.2,561,673,OPTIMAL,9725.946753446542,46,0,9,0.95,0.0,OPTIMAL,9727.790760899736,OPTIMAL,9727.790760899736,32,True,0.01895967045614529,0.01895967045614529
100_568_20_5_1c,1.5,561,841,OPTIMAL,9725.946753446542,54,0,16,0.95,0.0,OPTIMAL,9727.189232681012,OPTIMAL,9727.189232681012,42,True,0.012774892418876535,0.012774892418876535
100_568_20_5_2c,1.2,701,841,OPTIMAL,12787.79284019167,64,0,15,0.9500000000000002,0.0,OPTIMAL,12805.71230534805,OPTIMAL,12805.71230534805,38,True,0.14012946080936658,0.14012946080936658
100_568_20_5_2c,1.5,701,1051,OPTIMAL,12787.79284019167,67,0,18,0.95,0.0,OPTIMAL,12801.173907051236,OPTIMAL,12801.173907051236,45,True,0.10463937777838304,0.10463937777838304
100_574_200_5_1c,1.2,488,585,OPTIMAL,108754.96586541965,56,0,38,8.595,0.0,OPTIMAL,109469.75254086811,OPTIMAL,109406.71637110355,100,False,0.599283444666258,0.657245091992378
100_574_200_5_1c,1.5,488,732,OPTIMAL,108754.96586541965,48,0,33,6.754999999999999,0.0,OPTIMAL,109295.26958364286,OPTIMAL,109090.39642631666,100,False,0.3084278112983694,0.4968083194396969
100_574_20_5_1c,1.2,401,481,OPTIMAL,12669.592672169216,41,0,8,0.9500000000000002,0.0,OPTIMAL,12729.031566242305,OPTIMAL,12729.031566242305,31,True,0.4691460539505476,0.4691460539505476
100_574_20_5_1c,1.5,401,601,OPTIMAL,12669.592672169216,56,0,14,0.95,0.0,OPTIMAL,12694.200386288705,OPTIMAL,12694.200386288705,35,True,0.1942265608391969,0.1942265608391969
