instance,nodes,journeyers,budget,dir_budget,checkpoint_count,checkpoint_cost,certificate_objective,certificate_valid,only_costs_and_budget_differ
100_568_200_5_1c,100,200,504,24,20,504,115953.46137508293,True,True
100_568_200_5_2c,100,200,636,26,29,636,121273.25050288947,True,True
100_568_20_5_1c,100,20,561,24,20,561,9809.86681390524,True,True
100_568_20_5_2c,100,20,701,26,26,701,12899.34802711826,True,True
100_574_200_5_1c,100,200,488,15,15,488,109804.82902652978,True,True
100_574_20_5_1c,100,20,401,15,18,401,12916.763305920233,True,True
200_1162_500_10_1c,200,500,1089,46,39,1089,273763.7682337297,True,True
200_1162_50_10_1c,200,50,1287,46,41,1287,23765.988336259863,True,True
200_1166_500_10_1c,200,500,1153,51,46,1153,286371.6948973256,True,True
200_1166_50_10_1c,200,50,1220,51,50,1220,29425.406643999177,True,True
200_1172_500_10_1c,200,500,1350,57,53,1350,275179.1549205435,True,True
200_1172_50_10_1c,200,50,1314,57,45,1314,28016.08138392718,True,True
500_2955_80_20_1c,500,80,2314,117,88,2314,47956.83176079928,True,True
500_2961_80_20_1c,500,80,2668,107,95,2668,46060.800424899695,True,True
