instance,budget,minimum_cost_status,minimum_cost_lp,max_distance_status,max_certificate_distance,unique_checkpoint_vector
100_568_200_5_1c,504,2,504.0,2,-0.0,True
100_568_200_5_2c,636,2,636.0,2,-0.0,True
100_568_20_5_1c,561,2,561.0,2,-0.0,True
100_568_20_5_2c,701,2,701.0,2,-0.0,True
100_574_200_5_1c,488,2,488.0,2,-0.0,True
100_574_20_5_1c,401,2,401.0,2,-0.0,True
200_1162_500_10_1c,1089,2,1089.0,2,-0.0,True
200_1162_50_10_1c,1287,2,1287.0,2,-0.0,True
200_1166_500_10_1c,1153,2,1153.0,2,-1.0800249583553523e-12,True
200_1166_50_10_1c,1220,2,1220.0,2,-0.0,True
200_1172_500_10_1c,1350,2,1329.0,2,74.99999999999977,False
200_1172_50_10_1c,1314,2,1314.0,2,41.000000000000036,False
500_2955_80_20_1c,2314,2,2314.0,2,13.0,False
500_2961_80_20_1c,2668,2,2668.0,2,2.842170943040401e-14,True
